evidence_layer	main_result	interpretation	main_limitation
Current UniProtKB record	O67940_AQUAE remains an unreviewed TrEMBL entry named 'Uncharacterized protein'; no UniProt FUNCTION comment, no GO term, and no PDB cross-reference were found.	The biological problem remains relevant: the protein still lacks curated experimental functional annotation.	UniProt status reflects current database annotation, not direct biochemical evidence.
InterPro/Pfam family-domain evidence	The protein is associated with SAM_HAT N-terminal and C-terminal domains and the S-adenosyl-L-methionine hydroxide adenosyltransferase family/domain context.	Broad SAM-related family/domain membership.	Family/domain labels are useful but can be too broad for exact substrate specificity.
AlphaFoldDB model confidence	The AlphaFoldDB v6 model has high local confidence: mean pLDDT 96.70, median pLDDT 97.69, and no residues below 70.	The predicted structure appears suitable for downstream structural inspection/comparison.	AlphaFold confidence estimates structural reliability, not biochemical function.
Domain-level AlphaFold PAE	Using UniProt domain boundaries, the between-domain mean PAE was 4.03 Å; internal mean PAE values were 2.33 Å for the N-terminal SAM_HAT domain and 1.83 Å for the C-terminal SAM_HAT domain.	The relative arrangement of the two annotated domains is predicted with reasonably low uncertainty.	Domain-level PAE supports model confidence but remains predicted structural evidence.
Reference structure retrieval and chain selection	2Q6O and 1RQP were retrieved from RCSB PDB; representative chain A structures were extracted. 2Q6O chain A has 269 residues and 1RQP chain A has 291 residues.	A clean one-chain-per-protein comparison setup for structural alignment and residue mapping.	Using chain A is a controlled first choice, but ligand/interface context may involve multimeric structure.
TM-align structural comparison	O67940_AQUAE aligned over 250 residues to both 2Q6O and 1RQP, with RMSD 2.01 Å in both cases. Reference-normalized TM-score was higher for 2Q6O (0.85311) than for 1RQP (0.78998).	Strong global fold similarity to both references, with a modest structural preference toward 2Q6O.	Global structural similarity can miss local active-site differences that determine specificity.
MAFFT sequence alignment	O67940_AQUAE showed nearly equal pairwise identity to 2Q6O and 1RQP in the MAFFT alignment: 0.2972 versus 0.2960 excluding gap columns.	The query is sequence-related to both reference structures.	Global sequence identity is almost tied, so residue-level interpretation is required.
Functional-residue mapping	Focused mapping showed O67940 Val67 aligned with the Tyr/Thr specificity-related site and O67940 Gly127 aligned with 2Q6O Gly131 and 1RQP Ser158.	Key residue-level evidence is consistent with a halogenase-related interpretation, with stronger compatibility to the chlorinase-related reference than to direct fluorinase-specific assignment.	Mapping is based on MAFFT alignment and should be interpreted with structural/experimental context.
Residue-mapping cautions	Two C-terminal 2Q6O residues listed in the original paper, Arg250 and Glu252, did not match direct current PDB coordinate numbering; downloaded 2Q6O chain A has Leu250 and Gln252.	The key Val67/Gly127 mapping is stronger than a claim of complete Table 2 reproduction.	Full Table 2 should be described as partially reproduced with numbering/construct/alignment cautions.
Overall interpretation	The combined evidence supports broad SAM-dependent halogenase-related function, with evidence leaning closer to the chlorinase-related reference than the fluorinase reference.	A bounded modern re-analysis broadly agrees with the original paper's cautious conclusion.	The workflow is computational and does not include biochemical validation, full phylogenetic reconstruction, or complete reproduction of all original ten steps.
