evidence_layer	result	supports	does_not_prove	limitation_or_caution	main_output
Current UniProtKB record	O67940_AQUAE remains an unreviewed TrEMBL entry named 'Uncharacterized protein'; no UniProt FUNCTION comment, no GO term, and no PDB cross-reference were found.	The biological problem remains relevant: the protein still lacks curated experimental functional annotation.	Does not by itself identify the protein's function.	UniProt status reflects current database annotation, not direct biochemical evidence.	results/uniprot_O67940_record_summary.txt
InterPro/Pfam family-domain evidence	The protein is associated with SAM_HAT N-terminal and C-terminal domains and the S-adenosyl-L-methionine hydroxide adenosyltransferase family/domain context.	Broad SAM-related family/domain membership.	Does not distinguish chlorinase, fluorinase, brominase, iodinating activity, or broader halogenase specificity.	Family/domain labels are useful but can be too broad for exact substrate specificity.	results/O67940_interpro_pfam_metadata.tsv
AlphaFoldDB model confidence	The AlphaFoldDB v6 model has high local confidence: mean pLDDT 96.70, median pLDDT 97.69, and no residues below 70.	The predicted structure is reliable enough for downstream structural inspection/comparison.	Does not prove enzyme activity, ligand binding, or halide specificity.	AlphaFold confidence estimates structural reliability, not biochemical function.	results/alphafold/O67940_alphafold_plddt_summary.txt
Domain-level AlphaFold PAE	Using UniProt domain boundaries, the between-domain mean PAE was 4.03 Å; internal mean PAE values were 2.33 Å for the N-terminal SAM_HAT domain and 1.83 Å for the C-terminal SAM_HAT domain.	The relative arrangement of the two annotated domains is predicted with reasonably low uncertainty.	Does not confirm catalytic mechanism or substrate specificity.	Domain-level PAE supports model confidence but remains predicted structural evidence.	results/alphafold/O67940_alphafold_pae_by_domain_summary.txt
Reference structure retrieval and chain selection	2Q6O and 1RQP were retrieved from RCSB PDB; representative chain A structures were extracted. 2Q6O chain A has 269 residues and 1RQP chain A has 291 residues.	A clean one-chain-per-protein comparison setup for structural alignment and residue mapping.	Does not itself compare structures or infer function.	Using chain A is a controlled first choice, but ligand/interface context may involve multimeric structure.	results/structure_chains/chainA_structure_extraction_summary.tsv
TM-align structural comparison	O67940_AQUAE aligned over 250 residues to both 2Q6O and 1RQP, with RMSD 2.01 Å in both cases. Reference-normalized TM-score was higher for 2Q6O (0.85311) than for 1RQP (0.78998).	Strong global fold similarity to both references, with a modest structural preference toward 2Q6O.	Does not prove chlorinase activity or exclude fluorinase-related function.	Global structural similarity can miss local active-site differences that determine specificity.	results/structure_comparison/tmalign_pairwise_summary.tsv
MAFFT sequence alignment	O67940_AQUAE showed nearly equal pairwise identity to 2Q6O and 1RQP in the MAFFT alignment: 0.2972 versus 0.2960 excluding gap columns.	The query is sequence-related to both reference structures.	Does not clearly distinguish chlorinase-like from fluorinase-like specificity.	Global sequence identity is almost tied, so residue-level interpretation is required.	results/sequence_alignment/O67940_2Q6O_1RQP_alignment_summary.tsv
Functional-residue mapping	Focused mapping showed O67940 Val67 aligned with the Tyr/Thr specificity-related site and O67940 Gly127 aligned with 2Q6O Gly131 and 1RQP Ser158.	Key residue-level evidence is consistent with the original cautious chlorinase-like/halogenase interpretation rather than direct fluorinase-specific assignment.	Does not experimentally validate substrate use.	Mapping is based on MAFFT alignment and should be interpreted with structural/experimental context.	results/residue_mapping/focused_functional_residue_summary.tsv
Residue-mapping cautions	Two C-terminal 2Q6O residues listed in the original paper, Arg250 and Glu252, did not match direct current PDB coordinate numbering; downloaded 2Q6O chain A has Leu250 and Gln252.	The key Val67/Gly127 mapping is stronger than a claim of complete Table 2 reproduction.	Does not invalidate the key specificity-related mapping.	Full Table 2 should be described as partially reproduced with numbering/construct/alignment cautions.	notes/residue_mapping/flagged_2Q6O_residue_verification.md
Overall interpretation	The combined evidence supports broad SAM-dependent halogenase/chlorinase-like relatedness, with no basis for direct fluorinase-specific assignment.	A bounded modern re-analysis broadly agrees with the original paper's cautious conclusion.	Does not prove exact substrate specificity or biochemical activity.	The workflow is computational and does not include biochemical validation, full phylogenetic reconstruction, or complete reproduction of all original ten steps.	results/evidence_integration/evidence_integration_table.tsv
